METHOD,ROUTE_PATTERN,CURRENT_ACCESS,MINIMUM_SCOPE,TARGET_ADMISSION,RESPONSE_OR_SIDE_EFFECT,OUT_OF_SCOPE
GET,/mobile/v1/status,"Paired bearer; status only",NONE for foreground status; BACKGROUND_RECONNECT for background status,"TLS server identity + active device certificate + valid session credential; Mobile Access enabled; Vault Lock permits access; require BACKGROUND_RECONNECT when request is from background service",Status metadata only; no vault content,"No browse authority from BACKGROUND_RECONNECT; no pairing or content"
GET,/mobile/v1/clips,"Paired bearer; list/search filters",BROWSE_LOCAL_SUMMARIES,"TLS/mTLS + session + BROWSE_LOCAL_SUMMARIES; recheck Mobile Access and Vault Lock before response; omit Safe and sensitive items",Clip summaries and previews allowed by summary policy,"No full content, sensitive/Safe rows, asset bytes, export, delete, restore"
GET,/mobile/v1/search,"Paired bearer; list/search filters",BROWSE_LOCAL_SUMMARIES,"Same as clips list; apply identical Safe/sensitive exclusion before matching and serialization",Matching summaries only,"No search over excluded content; no full content"
GET,/mobile/v1/collections,"Paired bearer",BROWSE_LOCAL_SUMMARIES,"TLS/mTLS + session + BROWSE_LOCAL_SUMMARIES; recheck lock and enabled state",Collection names and summary metadata,"No Safe/sensitive content or settings changes"
GET,/mobile/v1/favorites,"Paired bearer",BROWSE_LOCAL_SUMMARIES,"TLS/mTLS + session + BROWSE_LOCAL_SUMMARIES; apply summary exclusion and recheck lock",Favorite summaries only,"No excluded content or mutation"
GET,/mobile/v1/recently-removed,"Paired bearer",BROWSE_LOCAL_SUMMARIES,"TLS/mTLS + session + BROWSE_LOCAL_SUMMARIES; apply summary exclusion and recheck lock",Recently removed summaries allowed by product policy,"No restore/delete; no Safe/sensitive content"
GET,/mobile/v1/inbox,"Paired bearer",BROWSE_LOCAL_SUMMARIES,"TLS/mTLS + session + BROWSE_LOCAL_SUMMARIES; apply summary exclusion and recheck lock",Inbox summaries only,"No inbox mutation or unrelated vault content"
GET,/mobile/v1/clips/{id},"Paired bearer; full clip content",REQUEST_ITEM_DETAIL,"TLS/mTLS + session + REQUEST_ITEM_DETAIL; verify clip exists and is not Safe/sensitive; recheck lock before body",One clip's full content,"No sensitive/Safe access; no bulk export"
GET,/mobile/v1/clips/{id}/asset,"Paired bearer; image bytes",REQUEST_ITEM_DETAIL,"TLS/mTLS + session + REQUEST_ITEM_DETAIL; verify clip is not Safe/sensitive; recheck lock before streaming bytes",One image asset for the authorized clip,"No sensitive/Safe asset access; no bulk export"
POST,/mobile/v1/clips/{id}/copy,"Paired bearer; receipt-only action",REQUEST_ITEM_DETAIL,"TLS/mTLS + session + REQUEST_ITEM_DETAIL; verify item policy and lock; record bounded receipt without body/token",Receipt for mobile copy action; does not mutate Windows vault,"Not SEND_TO_DEVICE; no server-side clipboard write"
POST,/mobile/v1/clips/{id}/share,"Paired bearer; receipt-only action",REQUEST_ITEM_DETAIL,"TLS/mTLS + session + REQUEST_ITEM_DETAIL; verify item policy and lock; record bounded receipt without body/token",Receipt for mobile share action; does not mutate Windows vault,"Not SEND_TO_DEVICE; no share payload returned"
POST,/mobile/v1/clips/{id}/save,"Paired bearer; receipt-only action",REQUEST_ITEM_DETAIL,"TLS/mTLS + session + REQUEST_ITEM_DETAIL; verify item policy and lock; record bounded receipt without body/token",Receipt for mobile save action; does not mutate Windows vault,"Not SEND_TO_DEVICE; no content mutation"
POST,/mobile/v1/inbox/send,"Paired bearer; mobile-to-PC inbox write",RECEIVE_FROM_DEVICE,"TLS/mTLS + session + RECEIVE_FROM_DEVICE; validate payload size/type; recheck Mobile Access and Vault Lock before accepting content",Receive text/URL/image into Windows inbox,"No arbitrary filesystem write, execution, vault overwrite, or reverse send"
POST,/mobile/v1/pair-device,"Offer is currently optional; tokenless discovered pairing exists",ENROLLMENT_BOOTSTRAP (not a reusable route scope),"Narrow bootstrap exception: server TLS identity pinned from explicit QR + valid unexpired one-time offer + atomic consume + Mobile Access enabled + Vault Lock permits access + explicit owner approval; no client certificate until certificate issuance; subsequent traffic requires mTLS","Create pending enrollment, then issue device identity only after owner approval","No bearer-only pairing; no mDNS authorization; offer secret is not a scope"
GET/POST,Unknown route or method,"Rejected unless explicitly routed",NONE,"Default deny after common transport, enabled, lock, device and session checks where a session exists",Generic unsupported response; no route side effect,"No wildcard handler or permissive method fallback"
GET/POST,Forbidden route families (delete/permanent/remove/edit/restore/capture/export),"Rejected by forbidden route policy or absent route",NONE,"Explicit deny; retain no matching grant in tranche 1",No action,"No write/admin capability"
N/A,Windows-to-Android delivery route,"No current route",SEND_TO_DEVICE (not issued),"No admission path in tranche 1; implement only in a separately reviewed tranche",No current side effect,"Do not infer this scope from copy/share/save receipts"
N/A,Background reconnect capability,"No dedicated content route; status/reconnect behavior only",BACKGROUND_RECONNECT,"Separate explicit per-device grant; status/reconnect only; evaluated independently from foreground scopes",Background service may reconnect and request status,"Does not imply BROWSE_LOCAL_SUMMARIES, REQUEST_ITEM_DETAIL, or RECEIVE_FROM_DEVICE"
